{"cookies":{"cookieyesID":{"cookie_id":"cookieyesID","duration":"1 year","description":"CookieYes sets this cookie as a unique identifier for visitors according to their consent."},"cky-consent":{"cookie_id":"cky-consent","duration":"1 year","description":"The cookie is set by CookieYes to remember the users's consent settings so that the website recognizes the users the next time they visit."},"cookieyes-necessary":{"cookie_id":"cookieyes-necessary","duration":"1 year","description":"CookieYes sets this cookie to remember the consent of users for the use of cookies in the 'Necessary' category."},"cookieyes-functional":{"cookie_id":"cookieyes-functional","duration":"1 year","description":"CookieYes sets this cookie to remember the consent of users for the use of cookies in the 'Functional' category."},"cookieyes-analytics":{"cookie_id":"cookieyes-analytics","duration":"1 year","description":"CookieYes sets this cookie to remember the consent of users for the use of cookies in the 'Analytics' category."},"cookieyes-performance":{"cookie_id":"cookieyes-performance","duration":"1 year","description":"CookieYes sets this cookie to remember the consent of users for the use of cookies in the 'Performance' category."},"cookieyes-advertisement":{"cookie_id":"cookieyes-advertisement","duration":"1 year","description":"CookieYes sets this cookie to remember the consent of users for the use of cookies in the 'Advertisement' category."},"cookieyes-other":{"cookie_id":"cookieyes-other","duration":"1 year","description":"CookieYes sets this cookie to remember the consent of users for the use of cookies in the 'Other' category."},"cky-action":{"cookie_id":"cky-action","duration":"1 year","description":"This cookie is set by CookieYes and is used to remember the action taken by the user."},"ARRAffinity":{"cookie_id":"ARRAffinity","duration":"session","description":" ARRAffinity cookie is set by Azure app service, and allows the service to choose the right instance established by a user to deliver subsequent requests made by that user."},"ARRAffinitySameSite":{"cookie_id":"ARRAffinitySameSite","duration":"session","description":"This cookie is set by Windows Azure cloud, and is used for load balancing to make sure the visitor page requests are routed to the same server in any browsing session."},"__hssrc":{"cookie_id":"__hssrc","duration":"session","description":"This cookie is set by Hubspot whenever it changes the session cookie. The __hssrc cookie set to 1 indicates that the user has restarted the browser, and if the cookie does not exist, it is assumed to be a new session."},"__hssc":{"cookie_id":"__hssc","duration":"1 hour","description":"HubSpot sets this cookie to keep track of sessions and to determine if HubSpot should increment the session number and timestamps in the __hstc cookie."},"JSESSIONID":{"cookie_id":"JSESSIONID","duration":"session","description":"New Relic uses this cookie to store a session identifier so that New Relic can monitor session counts for an application."},"__cfruid":{"cookie_id":"__cfruid","duration":"session","description":"Cloudflare sets this cookie to identify trusted web traffic."},"__cf_bm":{"cookie_id":"__cf_bm","duration":"1 hour","description":"Cloudflare set the cookie to support Cloudflare Bot Management. "},"lang":{"cookie_id":"lang","duration":"session","description":"LinkedIn sets this cookie to remember a user's language setting."},"li_gc":{"cookie_id":"li_gc","duration":"6 months","description":"Linkedin set this cookie for storing visitor's consent regarding using cookies for non-essential purposes."},"lidc":{"cookie_id":"lidc","duration":"1 day","description":"LinkedIn sets the lidc cookie to facilitate data center selection."},"ytidb::LAST_RESULT_ENTRY_KEY":{"cookie_id":"ytidb::LAST_RESULT_ENTRY_KEY","duration":"Never Expires","description":"The cookie ytidb::LAST_RESULT_ENTRY_KEY is used by YouTube to store the last search result entry that was clicked by the user. This information is used to improve the user experience by providing more relevant search results in the future."},"yt-remote-session-app":{"cookie_id":"yt-remote-session-app","duration":"session","description":"The yt-remote-session-app cookie is used by YouTube to store user preferences and information about the interface of the embedded YouTube video player."},"yt-remote-cast-installed":{"cookie_id":"yt-remote-cast-installed","duration":"session","description":"The yt-remote-cast-installed cookie is used to store the user's video player preferences using embedded YouTube video."},"yt-remote-session-name":{"cookie_id":"yt-remote-session-name","duration":"session","description":"The yt-remote-session-name cookie is used by YouTube to store the user's video player preferences using embedded YouTube video."},"yt-remote-fast-check-period":{"cookie_id":"yt-remote-fast-check-period","duration":"session","description":"The yt-remote-fast-check-period cookie is used by YouTube to store the user's video player preferences for embedded YouTube videos."},"ajs_anonymous_id":{"cookie_id":"ajs_anonymous_id","duration":"1 year","description":"This cookie is set by Segment to count the number of people who visit a certain site by tracking if they have visited before."},"ajs_user_id":{"cookie_id":"ajs_user_id","duration":"Never Expires","description":"This cookie is set by Segment to help track visitor usage, events, target marketing, and also measure application performance and stability."},"_ga":{"cookie_id":"_ga","duration":"1 year 1 month 4 days","description":"The _ga cookie, installed by Google Analytics, calculates visitor, session and campaign data and also keeps track of site usage for the site's analytics report. The cookie stores information anonymously and assigns a randomly generated number to recognize unique visitors."},"_gid":{"cookie_id":"_gid","duration":"1 day","description":"Installed by Google Analytics, _gid cookie stores information on how visitors use a website, while also creating an analytics report of the website's performance. Some of the data that are collected include the number of visitors, their source, and the pages they visit anonymously."},"__hstc":{"cookie_id":"__hstc","duration":"6 months","description":"Hubspot set this main cookie for tracking visitors. It contains the domain, initial timestamp (first visit), last timestamp (last visit), current timestamp (this visit), and session number (increments for each subsequent session)."},"hubspotutk":{"cookie_id":"hubspotutk","duration":"6 months","description":"HubSpot sets this cookie to keep track of the visitors to the website. This cookie is passed to HubSpot on form submission and used when deduplicating contacts."},"_hjSessionUser_*":{"cookie_id":"_hjSessionUser_*","duration":"1 year","description":"Hotjar sets this cookie to ensure data from subsequent visits to the same site is attributed to the same user ID, which persists in the Hotjar User ID, which is unique to that site."},"_hjSession_*":{"cookie_id":"_hjSession_*","duration":"1 hour","description":"Hotjar sets this cookie to ensure data from subsequent visits to the same site is attributed to the same user ID, which persists in the Hotjar User ID, which is unique to that site."},"_gat":{"cookie_id":"_gat","duration":"1 minute","description":"This cookie is installed by Google Universal Analytics to restrain request rate and thus limit the collection of data on high traffic sites."},"_calendly_session":{"cookie_id":"_calendly_session","duration":"21 days","description":"Calendly, a Meeting Schedulers, sets this cookie to allow the meeting scheduler to function within the website and to add events into the visitor’s calendar."},"YSC":{"cookie_id":"YSC","duration":"session","description":"YSC cookie is set by Youtube and is used to track the views of embedded videos on Youtube pages."},"VISITOR_INFO1_LIVE":{"cookie_id":"VISITOR_INFO1_LIVE","duration":"6 months","description":"A cookie set by YouTube to measure bandwidth that determines whether the user gets the new or old player interface."},"yt-remote-device-id":{"cookie_id":"yt-remote-device-id","duration":"Never Expires","description":"YouTube sets this cookie to store the video preferences of the user using embedded YouTube video."},"yt-remote-connected-devices":{"cookie_id":"yt-remote-connected-devices","duration":"Never Expires","description":"YouTube sets this cookie to store the video preferences of the user using embedded YouTube video."},"yt.innertube::requests":{"cookie_id":"yt.innertube::requests","duration":"Never Expires","description":"This cookie, set by YouTube, registers a unique ID to store data on what videos from YouTube the user has seen."},"yt.innertube::nextId":{"cookie_id":"yt.innertube::nextId","duration":"Never Expires","description":"This cookie, set by YouTube, registers a unique ID to store data on what videos from YouTube the user has seen."},"_rdt_uuid":{"cookie_id":"_rdt_uuid","duration":"3 months","description":"Reddit sets this cookie to build a profile of your interests and show you relevant ads."},"bcookie":{"cookie_id":"bcookie","duration":"1 year","description":"LinkedIn sets this cookie from LinkedIn share buttons and ad tags to recognize browser IDs."},"bscookie":{"cookie_id":"bscookie","duration":"1 year","description":"LinkedIn sets this cookie to store performed actions on the website."},"__tld__":{"cookie_id":"__tld__","duration":"session","description":"No description"},"destination_url":{"cookie_id":"destination_url","duration":"session","description":"No description available."},"li_alerts":{"cookie_id":"li_alerts","duration":"1 year","description":"Description is currently not available."},"VISITOR_PRIVACY_METADATA":{"cookie_id":"VISITOR_PRIVACY_METADATA","duration":"6 months","description":"Description is currently not available."},"akacd_unity_com_routing_production":{"cookie_id":"akacd_unity_com_routing_production","duration":"past","description":"Description is currently not available."},"loglevel":{"cookie_id":"loglevel","duration":"Never Expires","description":"No description available."},"_cfuvid":{"cookie_id":"_cfuvid","duration":"session","description":"Description is currently not available."},"language_redirected":{"cookie_id":"language_redirected","duration":"session","description":"Description is currently not available."},"location":{"cookie_id":"location","duration":"10 minutes","description":"No description available."}},"cky_audit_table_empty_text":"No cookies to display.","cky_audit_table_header_id":"Cookie","cky_audit_table_header_duration":"Duration","cky_audit_table_header_description":"Description","cky_preference_necessary_title":"Necessary","cky_preference_necessary_description":"<p>Necessary cookies are crucial for the basic functions of the website and the website will not work in its intended way without them.</p> <p>These cookies do not store any personally identifiable data.</p>","cky_preference_functional_title":"Functional","cky_preference_functional_description":"<p>Functional cookies help to perform certain functionalities like sharing the content of the website on social media platforms, collect feedbacks, and other third-party features.</p>","cky_preference_analytics_title":"Analytics","cky_preference_analytics_description":"<p>Analytical cookies are used to understand how visitors interact with the website. These cookies help provide information on metrics the number of visitors, bounce rate, traffic source, etc.</p>","cky_preference_performance_title":"Performance","cky_preference_performance_description":"<p>Performance cookies are used to understand and analyze the key performance indexes of the website which helps in delivering a better user experience for the visitors.</p>","cky_preference_advertisement_title":"Advertisement","cky_preference_advertisement_description":"<p>Advertisement cookies are used to deliver visitors with customized advertisements based on the pages they visited before and analyze the effectiveness of the ad campaign.</p>","cky_preference_other_title":"Others","cky_preference_other_description":"<p>Other uncategorized cookies are those that are being analyzed and have not been classified into a category as yet.</p>"}